Extraversion,Agreeableness,Conscientiousness,Neuroticism,Openness,BirthYear,Gender,Study,Age,pseudo_workerID
37,39,35,8,33,1987,Male,pilot1_1,33,P1242886303
34,39,35,11,31,1960,Male,pilot1_1,60,P5659489757
30,37,32,10,27,1968,Female,pilot1_1,52,P4588440356
8,33,35,15,11,1977,Female,pilot1_1,43,P6618403320
19,27,27,22,18,1988,Female,pilot1_1,32,P3602510382
8,33,25,23,25,1991,Male,pilot1_1,29,P3606193617
16,30,35,11,26,1972,Male,pilot1_1,48,P9372589818
23,28,35,10,29,1984,Male,pilot1_1,36,P5412842053
23,21,26,25,16,1989,Male,pilot1_1,31,P6927118959
18,26,23,20,21,1995,Female,pilot1_1,25,P3258090960
23,24,22,20,19,1988,Male,pilot1_1,32,P3407373688
22,28,21,20,23,1995,Female,pilot1_1,25,P2014142328
14,34,30,16,31,1970,Male,pilot1_1,50,P1102469680
10,21,18,31,25,1987,Female,pilot1_1,33,P2396478261
22,37,33,11,22,1962,Female,pilot1_1,58,P7486362032
26,40,35,11,33,1974,Female,pilot1_1,46,P9132827826
20,27,31,13,19,1987,Male,pilot1_1,33,P8717025092
9,27,22,16,23,1989,Male,pilot1_1,31,P8571535519
27,32,28,14,26,1971,Female,pilot1_1,49,P6814470811
11,20,30,27,31,1987,Male,pilot1_1,33,P9426300368
32,35,34,11,29,1990,Male,pilot1_1,30,P8533390130
28,27,25,17,24,1963,Female,pilot1_1,57,P3277860467
19,28,30,19,25,1954,Female,pilot1_1,66,P7399561075
27,28,24,14,27,1961,Male,pilot1_1,59,P9267090787
11,34,30,30,17,1994,Female,pilot1_1,26,P9086783133
26,32,35,25,28,1988,Male,pilot1_1,32,P7274999476
16,26,27,19,18,1990,Male,pilot1_1,30,P8403548453
18,30,29,18,23,1986,Male,pilot1_1,34,P9209305289
32,31,26,15,24,1985,Female,pilot1_1,35,P6624530807
32,20,33,28,28,1975,Male,pilot1_1,45,P7820170614
17,35,32,12,25,1994,Male,pilot1_1,26,P6187540852
8,34,29,22,30,1992,Female,pilot1_1,28,P7493525242
13,17,34,13,21,1988,Female,pilot1_1,32,P8818558460
22,25,29,17,32,1980,Male,pilot1_1,40,P4117928479
23,25,22,20,24,1996,Male,pilot1_1,24,P4198817447
38,40,35,7,33,1990,Male,pilot1_1,30,P9842302120
29,28,34,20,32,1967,Female,pilot1_1,53,P3804226800
28,38,33,23,31,1979,Female,pilot1_1,41,P3243530591
19,23,25,33,28,1979,Male,pilot1_1,41,P8962624602
8,18,26,28,15,1986,Male,pilot1_1,34,P4782069874
26,21,23,23,23,1980,Male,pilot1_1,40,P1136893801
19,27,24,16,17,1975,Male,pilot1_1,45,P6851278375
10,23,29,28,15,1976,Male,pilot1_1,44,P1738223255
23,23,25,26,26,1994,Male,pilot1_1,26,P3889505574
31,23,24,11,33,1983,Male,pilot1_1,37,P1356066432
20,26,26,30,27,1986,Male,pilot1_1,34,P5099813280
12,25,24,29,21,1987,Male,pilot1_1,33,P1108854731
27,34,35,14,29,1995,Male,pilot1_1,25,P5385783832
33,39,31,12,34,1982,Male,pilot1_1,38,P2098180442
37,40,25,7,34,1988,Male,pilot1_1,32,P3969950270
23,39,34,10,24,1961,Female,pilot1_1,59,P5252024282
21,32,31,22,29,1959,Female,pilot1_1,61,P1155774154
35,33,27,14,32,1976,Female,pilot1_1,44,P5780792107
30,32,28,14,28,1984,Male,pilot1_1,36,P6743289436
10,32,29,24,19,1973,Male,pilot1_1,47,P5427298920
25,36,29,17,20,1994,Male,pilot1_1,26,P4178046720
15,40,18,27,22,1990,Male,pilot1_1,30,P9169114383
21,30,35,14,25,1961,Male,pilot1_1,59,P8540511545
12,23,30,24,26,1980,Female,pilot1_1,40,P4029434304
21,31,35,7,32,1985,Female,pilot1_1,35,P1968633549
21,22,20,22,24,1991,Male,pilot1_1,29,P1438297593
32,34,40,13,48,1979,Male,pilot1_2,41,P6982685632
31,40,36,15,40,1986,Male,pilot1_2,34,P7506028048
39,45,45,8,29,1954,Male,pilot1_2,66,P9416981356
11,28,14,30,20,1975,Male,pilot1_2,45,P6407777953
19,35,33,22,45,1978,Female,pilot1_2,42,P9667386674
26,26,32,23,37,1991,Male,pilot1_2,29,P5538839810
15,26,19,24,31,1986,Female,pilot1_2,34,P1144122986
27,43,42,8,43,1989,Male,pilot1_2,31,P1692198464
23,23,32,21,32,1991,Male,pilot1_2,29,P5706734148
23,26,30,27,30,1991,Male,pilot1_2,29,P3727629373
23,30,31,16,43,2000,Male,pilot1_2,20,P5012059186
12,29,42,11,17,1991,Male,pilot1_2,29,P5271453357
35,42,40,15,42,1968,Female,pilot1_2,52,P2909961038
12,40,43,26,50,1981,Male,pilot1_2,39,P2077095174
16,24,31,24,30,1992,Male,pilot1_2,28,P3539345059
8,37,45,8,32,1993,Female,pilot1_2,27,P8342239313
19,43,45,29,45,1983,Female,pilot1_2,37,P7111811154
30,36,37,17,34,1978,Male,pilot1_2,42,P1020722291
25,29,36,29,48,1977,Male,pilot1_2,43,P5447436097
20,36,36,20,36,1977,Male,pilot1_2,43,P2755466623
20,37,44,15,36,1979,Female,pilot1_2,41,P4108567082
22,27,34,28,36,1985,Male,pilot1_2,35,P2034509522
26,42,45,8,45,1991,Male,pilot1_2,29,P1428522171
20,34,41,13,35,1979,Male,pilot1_2,41,P1994394154
12,31,34,22,32,1991,Male,pilot1_2,29,P1933526756
9,19,24,39,18,1980,Male,pilot1_2,40,P7289563482
33,37,45,16,46,1949,Female,pilot1_2,71,P8051300166
18,34,29,35,35,1993,Female,pilot1_2,27,P5136554550
25,45,41,11,48,1992,Female,pilot1_2,28,P7157840069
15,33,45,8,46,1977,Female,pilot1_2,43,P3196881536
17,42,39,10,30,1990,Male,pilot1_2,30,P9992745784
31,40,42,18,44,1985,Other,pilot1_2,35,P8742345163
18,23,31,24,34,1995,Female,pilot1_2,25,P2572748163
11,27,25,39,31,1987,Male,pilot1_2,33,P4957599106
19,38,37,15,29,1981,Female,pilot1_2,39,P7917089219
20,37,37,17,37,1965,Male,pilot1_2,55,P6893668853
18,35,26,25,34,1990,Male,pilot1_2,30,P8238354230
12,30,40,27,45,1988,Female,pilot1_2,32,P1434486945
25,27,32,23,30,1984,Male,pilot1_2,36,P2313926537
24,28,23,24,30,1995,Male,pilot1_2,25,P2938849020
34,37,34,16,39,1974,Male,pilot1_2,46,P7381732748
31,32,28,14,34,1995,Male,pilot1_2,25,P1316922700
15,29,39,29,35,1989,Female,pilot1_2,31,P2221314134
8,32,45,34,37,1994,Female,pilot1_2,26,P6896569649
39,44,45,8,49,1960,Male,pilot1_2,60,P1328772114
22,42,38,27,37,1985,Female,pilot1_2,35,P8537599369
10,37,30,26,31,1993,Male,pilot1_2,27,P1826176168
29,28,39,16,46,1985,Male,pilot1_2,35,P7749767643
25,25,44,19,39,1981,Male,pilot1_2,39,P2989533589
25,39,38,24,36,1982,Female,pilot1_2,38,P8531570932
13,33,33,21,35,1977,Male,pilot1_2,43,P5817791445
15,31,20,26,40,1986,Female,pilot1_2,34,P1522998601
26,31,28,21,31,1966,Male,pilot1_2,54,P9935725487
25,27,36,23,49,1977,Male,pilot1_2,43,P8945993891
26,44,41,17,41,1982,Male,pilot1_2,38,P8048005243
20,34,31,22,33,1990,Male,pilot1_2,30,P5121745105
20,28,29,27,29,1991,Female,pilot1_2,29,P3974920053
23,30,41,16,46,1977,Male,pilot1_2,43,P9695886163
35,40,40,11,40,1993,Male,pilot1_2,27,P8126036483
24,44,43,14,43,1998,Female,pilot1_3,22,P4338099841
30,36,36,16,32,1994,Male,pilot1_3,26,P7433644207
17,34,35,14,37,1969,Male,pilot1_3,51,P2962953471
30,43,39,14,43,1984,Male,pilot1_3,36,P8725452532
21,37,42,21,33,1972,Female,pilot1_3,48,P6450066501
30,38,43,10,37,1969,Male,pilot1_3,51,P8749624132
10,39,25,16,36,1982,Male,pilot1_3,38,P9298108150
32,37,45,14,49,1991,Female,pilot1_3,29,P6569557562
27,28,26,22,28,1990,Male,pilot1_3,30,P1994831953
16,38,39,20,35,1957,Female,pilot1_3,63,P4945272047
30,39,31,20,41,1985,Male,pilot1_3,35,P1412090569
18,44,45,23,47,1976,Female,pilot1_3,44,P2529254150
19,33,30,24,23,1988,Male,pilot1_3,32,P3783491351
23,22,39,9,29,1967,Male,pilot1_3,53,P6567920527
15,43,41,32,27,1993,Male,pilot1_3,27,P8220265263
36,42,41,14,35,1964,Female,pilot1_3,56,P2884828534
18,28,45,9,44,1987,Male,pilot1_3,33,P7545507706
15,39,38,14,32,1994,Female,pilot1_3,26,P1481338130
14,42,44,12,41,1953,Female,pilot1_3,67,P8541006104
23,27,26,23,26,1992,Male,pilot1_3,28,P5707947577
12,40,29,38,14,1970,Female,pilot1_3,50,P3218356462
18,34,32,25,38,1979,Male,pilot1_3,41,P2104925521
17,36,39,12,36,1998,Male,pilot1_3,22,P4843551857
26,32,36,18,40,1986,Female,pilot1_3,34,P4020355068
23,34,41,32,38,1990,Male,pilot1_3,30,P9569031163
20,36,23,24,35,1982,Female,pilot1_3,38,P5916728344
25,37,34,17,28,1969,Female,pilot1_3,51,P7851177979
12,26,21,34,33,1987,Male,pilot1_3,33,P6069884576
28,35,36,21,37,1998,Male,pilot1_3,22,P3191169939
25,34,35,26,33,1969,Female,pilot1_3,51,P7367110041
15,29,26,20,42,1989,Male,pilot1_3,31,P7034062615
12,30,27,15,33,1990,Male,pilot1_3,30,P9317933963
37,24,45,9,44,1977,Male,pilot1_3,43,P7324335828
11,31,39,29,45,1957,Male,pilot1_3,63,P3828171654
28,38,44,15,35,1967,Female,pilot1_3,53,P3668244270
38,37,41,20,46,1989,Male,pilot1_3,31,P8159589716
32,27,30,30,41,1983,Male,pilot1_3,37,P5344813803
8,45,26,24,22,1992,Male,pilot1_3,28,P9088372347
28,35,36,19,36,1988,Male,pilot1_3,32,P3792093966
19,35,41,33,36,1987,Female,pilot1_3,33,P4504993540
22,34,34,14,50,1960,Male,pilot1_3,60,P5368571863
36,40,43,10,38,1984,Female,pilot1_3,36,P5051140148
32,27,31,27,29,1990,Male,pilot1_3,30,P7899624226
19,42,34,13,38,1957,Female,pilot1_3,63,P4888332821
33,43,41,9,49,1959,Female,pilot1_3,61,P5726428458
34,38,39,9,49,1986,Female,pilot1_3,34,P6151976699
40,35,39,16,23,1988,Female,pilot1_3,32,P6117429574
20,26,42,20,33,1981,Male,pilot1_3,39,P1592160585
13,31,44,31,29,1974,Female,pilot1_3,46,P7160692436
40,36,45,9,46,1988,Male,pilot1_3,32,P3431357904
31,31,33,19,28,1971,Female,pilot1_3,49,P5607749880
29,34,44,28,46,1976,Male,pilot1_3,44,P3827815344
37,42,28,20,34,1993,Female,pilot1_3,27,P6733311621
25,37,34,19,14,1949,Female,pilot1_3,71,P7454909395
27,34,30,25,31,1981,Female,pilot1_3,39,P9932709864
15,40,38,30,38,1969,Female,pilot1_3,51,P8533199718
26,37,34,17,39,1996,Male,pilot1_3,24,P7032242699
13,41,24,24,41,1988,Female,pilot1_4,32,P1579263329
40,45,45,8,46,1989,Female,pilot1_4,31,P5993200756
28,42,42,14,39,1983,Male,pilot1_4,37,P2266237434
22,34,36,19,18,1990,Male,pilot1_4,30,P5339635981
14,40,43,27,40,1984,Female,pilot1_4,36,P7689075144
30,35,36,14,35,1969,Female,pilot1_4,51,P5152863001
26,37,44,18,50,1970,Male,pilot1_4,50,P2573932361
16,29,28,23,43,1989,Male,pilot1_4,31,P2901813586
12,28,42,24,40,1981,Female,pilot1_4,39,P6619665981
37,34,45,18,34,1988,Female,pilot1_4,32,P3787713997
34,34,23,26,47,1986,Female,pilot1_4,34,P9223587306
29,30,35,23,35,2000,Female,pilot1_4,20,P5624451469
21,44,44,14,45,1982,Female,pilot1_4,38,P8835611358
18,37,36,16,39,1993,Female,pilot1_4,27,P6601364529
37,45,44,16,49,1963,Female,pilot1_4,57,P8713078298
25,32,25,30,42,1993,Female,pilot1_4,27,P9989146648
36,45,45,8,48,1989,Male,pilot1_4,31,P3720064658
20,21,25,20,34,1988,Male,pilot1_4,32,P4654764133
23,33,33,18,36,1997,Female,pilot1_4,23,P3700847984
19,31,41,28,47,1974,Female,pilot1_4,46,P2323190444
27,34,29,27,31,1989,Female,pilot1_4,31,P2191795611
25,33,32,27,40,1991,Male,pilot1_4,29,P5113524878
15,35,37,24,27,1986,Female,pilot1_4,34,P2565959586
26,31,31,22,35,1967,Male,pilot1_4,53,P6662448423
17,27,29,27,34,1994,Male,pilot1_4,26,P5627335764
21,31,28,28,31,1995,Male,pilot1_4,25,P7259400302
31,40,43,12,43,1962,Male,pilot1_4,58,P6010067235
22,29,28,22,30,1990,Female,pilot1_4,30,P6549042593
26,27,28,30,34,1985,Male,pilot1_4,35,P4842162658
16,32,43,26,47,1988,Male,pilot1_4,32,P3747147951
25,37,38,18,42,1982,Male,pilot1_4,38,P9287750187
12,33,45,8,42,1983,Female,pilot1_4,37,P2401132795
15,39,42,20,45,1955,Male,pilot1_4,65,P6316490387
35,44,39,13,45,1994,Male,pilot1_4,26,P2605408654
22,38,45,8,48,1992,Male,pilot1_4,28,P2529428922
27,36,36,16,40,1985,Female,pilot1_4,35,P4414918339
16,29,38,22,41,1964,Male,pilot1_4,56,P6296433771
30,40,41,8,45,1974,Male,pilot1_4,46,P8013280732
22,41,41,21,35,1982,Female,pilot1_4,38,P6764933808
17,38,38,16,43,1963,Male,pilot1_4,57,P9369955434
27,38,44,21,47,1977,Male,pilot1_4,43,P8484237801
24,32,38,18,37,1961,Female,pilot1_4,59,P3880453894
17,42,35,32,44,1989,Female,pilot1_4,31,P6873085472
31,38,43,18,34,1964,Female,pilot1_4,56,P6992242969
14,37,39,21,43,1969,Male,pilot1_4,51,P6045616882
17,40,42,19,25,1991,Male,pilot1_4,29,P6815400853
32,37,32,17,36,1986,Male,pilot1_4,34,P3047127512
23,28,30,25,34,1950,Male,pilot1_4,70,P6095764337
29,41,30,26,43,1949,Female,pilot1_4,71,P9421011368
17,27,19,30,38,1991,Male,pilot1_4,29,P1120385902
12,28,33,36,29,1996,Female,pilot1_4,24,P2506588645
29,28,26,24,31,1998,Female,pilot1_4,22,P2542644005
29,36,33,36,46,1994,Female,pilot1_4,26,P2874443564
25,26,25,28,36,1995,Male,pilot1_4,25,P7625787653
11,31,22,32,47,1995,Female,pilot1_4,25,P6517544026
13,32,26,16,26,1996,Female,pilot1_4,24,P5941697425
32,38,39,16,41,1978,Male,pilot1_4,42,P2358715167
24,34,32,18,43,1991,Male,pilot1_4,29,P9272869511
13,35,30,19,36,1998,Male,pilot1_5,22,P6172625027
21,35,35,19,37,1988,Male,pilot1_5,32,P2077951019
17,31,41,20,32,1996,Male,pilot1_5,24,P7100561043
14,28,32,21,31,1981,Male,pilot1_5,39,P2074498736
39,45,44,10,45,1982,Male,pilot1_5,38,P2471841942
12,38,30,17,29,1985,Male,pilot1_5,35,P3622527466
22,22,37,30,33,1994,Other,pilot1_5,26,P1618657344
29,31,29,28,34,1987,Male,pilot1_5,33,P4654259582
35,43,44,9,44,1992,Male,pilot1_5,28,P7140847084
18,27,26,22,23,1989,Male,pilot1_5,31,P8639902851
33,43,44,9,39,1991,Male,pilot1_5,29,P5865310787
30,41,42,15,42,1971,Male,pilot1_5,49,P4630853640
18,29,28,29,27,1991,Male,pilot1_5,29,P2694680723
33,37,38,13,40,1998,Male,pilot1_5,22,P5283590913
26,35,41,13,29,1964,Female,pilot1_5,56,P7329894355
23,24,24,20,26,1994,Female,pilot1_5,26,P3566397824
29,39,37,16,33,1982,Male,pilot1_5,38,P9525224920
16,32,28,28,43,1990,Male,pilot1_5,30,P9542389758
27,32,41,21,44,1983,Male,pilot1_5,37,P2952389948
14,40,34,13,39,1963,Male,pilot1_5,57,P7063590934
20,30,32,15,40,1989,Male,pilot1_5,31,P7548823515
18,27,30,26,38,1967,Male,pilot1_5,53,P5759916116
18,37,26,13,38,1991,Male,pilot1_5,29,P1550659987
32,37,37,9,41,1982,Male,pilot1_5,38,P4930282831
18,40,37,13,44,1986,Male,pilot1_5,34,P5627125042
19,27,38,30,24,1974,Female,pilot1_5,46,P6608412713
27,40,34,13,41,1963,Female,pilot1_5,57,P5332958229
33,40,44,14,42,1979,Female,pilot1_5,41,P2505992543
9,34,33,34,25,1990,Female,pilot1_5,30,P1743623041
20,33,44,18,36,1986,Male,pilot1_5,34,P5925727133
16,36,44,19,45,1973,Female,pilot1_5,47,P5689773255
13,38,27,31,41,1986,Male,pilot1_5,34,P8083953519
10,27,26,13,15,1982,Male,pilot1_5,38,P9154941758
21,41,43,9,30,1984,Male,pilot1_5,36,P2037348570
15,35,43,26,40,1984,Female,pilot1_5,36,P3067872217
20,23,27,32,39,1990,Male,pilot1_5,30,P3399884194
23,44,41,13,44,1990,Male,pilot1_5,30,P1259024437
8,24,45,40,44,1980,Female,pilot1_5,40,P4945243307
12,42,44,11,38,1987,Female,pilot1_5,33,P7540740872
24,29,38,20,35,1965,Male,pilot1_5,55,P4760257386
20,38,36,23,33,1987,Female,pilot1_5,33,P5896117546
27,42,40,12,31,1973,Male,pilot1_5,47,P3113565934
22,26,29,20,29,1984,Male,pilot1_5,36,P1500451707
37,42,45,8,48,1979,Male,pilot1_5,41,P5759835010
17,35,37,27,26,1989,Female,pilot1_5,31,P9818240325
26,29,26,19,32,1989,Male,pilot1_5,31,P6923325445
22,36,37,16,39,1982,Female,pilot1_5,38,P8982650755
22,32,24,24,29,1992,Male,pilot1_5,28,P4512462279
21,31,32,24,30,1995,Male,pilot1_5,25,P1903294042
14,31,44,22,24,1979,Male,pilot1_5,41,P2620491932
19,37,40,19,33,1983,Male,pilot1_5,37,P6572263985
22,42,45,9,45,1959,Female,pilot1_5,61,P2850543890
24,37,33,18,41,1984,Male,pilot1_5,36,P2837085182
17,23,25,28,40,1994,Male,pilot1_5,26,P7005033583
24,26,29,23,26,1992,Female,pilot1_5,28,P8721234039
15,35,34,25,24,1979,Female,pilot1_5,41,P4485386846
24,36,39,20,35,1992,Male,pilot1_5,28,P3415759166
11,35,33,16,39,1977,Male,pilot1_5,43,P7325541440
22,25,29,24,24,1967,Male,pilot1_5,53,P8582139786
20,23,27,23,28,1997,Male,pilot1_5,23,P9533612342
28,32,39,11,45,1968,Female,pilot1_5,52,P6278957092
9,14,21,39,35,1993,Male,pilot1_6,27,P4019744411
25,37,41,15,31,1988,Male,pilot1_6,32,P3827074476
20,41,43,15,42,1991,Male,pilot1_6,29,P9721425411
22,31,32,27,32,1990,Female,pilot1_6,30,P1867641268
38,42,44,11,43,1975,Male,pilot1_6,45,P6129667462
32,39,45,8,43,1973,Male,pilot1_6,47,P3490148639
21,34,35,16,39,1994,Male,pilot1_6,26,P3770647008
25,27,39,22,31,1999,Male,pilot1_6,21,P3686211936
31,43,44,11,40,1959,Male,pilot1_6,61,P8482686526
14,26,35,34,25,1980,Female,pilot1_6,40,P9795197719
27,43,45,8,49,1955,Male,pilot1_6,65,P4535109487
10,33,28,36,24,1988,Male,pilot1_6,32,P4588340912
20,24,33,26,45,1971,Female,pilot1_6,49,P7863777567
31,23,27,21,36,1979,Male,pilot1_6,41,P9753870623
11,38,35,29,23,1969,Female,pilot1_6,51,P1465332644
27,43,37,20,46,1988,Female,pilot1_6,32,P5105228889
33,31,44,9,46,1977,Male,pilot1_6,43,P1897072164
29,45,45,8,48,1990,Male,pilot1_6,30,P8834522218
21,28,28,26,38,1992,Male,pilot1_6,28,P3443547884
24,37,37,25,38,1971,Female,pilot1_6,49,P4094353804
8,34,34,15,23,1966,Male,pilot1_6,54,P7250721930
34,35,43,23,41,1979,Male,pilot1_6,41,P4910498276
35,36,41,13,32,1984,Male,pilot1_6,36,P6215782878
31,42,44,11,42,1965,Male,pilot1_6,55,P6726138281
9,41,37,30,29,1965,Female,pilot1_6,55,P6158930454
23,42,42,18,41,1986,Female,pilot1_6,34,P4316493843
32,39,27,11,30,1994,Female,pilot1_6,26,P3977693147
35,35,36,17,41,1986,Male,pilot1_6,34,P6780381068
21,37,39,16,28,1974,Male,pilot1_6,46,P7339825189
30,24,38,20,39,1988,Male,pilot1_6,32,P7757306648
33,30,39,14,33,1962,Female,pilot1_6,58,P2329127588
11,25,29,24,27,1990,Male,pilot1_6,30,P6026936365
32,42,41,10,41,1994,Male,pilot1_6,26,P8989402859
13,31,32,31,39,1985,Male,pilot1_6,35,P4800377407
20,36,42,22,31,1974,Female,pilot1_6,46,P2284934859
16,37,29,19,34,1994,Male,pilot1_6,26,P4738561826
26,33,36,14,40,1974,Male,pilot1_6,46,P2344681207
28,35,36,14,45,1983,Male,pilot1_6,37,P2892233001
23,44,42,8,50,1951,Female,pilot1_6,69,P7096070166
17,26,31,25,47,1970,Male,pilot1_6,50,P5373376517
23,40,43,17,39,1998,Male,pilot1_6,22,P1566309832
24,40,36,21,45,1986,Female,pilot1_6,34,P1646528411
20,41,45,19,38,1972,Female,pilot1_6,48,P9868471598
18,35,18,29,40,1991,Other,pilot1_6,29,P7821229949
21,39,42,26,35,1960,Female,pilot1_6,60,P9222159227
18,39,45,10,49,1979,Male,pilot1_6,41,P3770718991
31,37,32,26,30,1980,Female,pilot1_6,40,P7423241385
16,28,28,27,34,1989,Male,pilot1_6,31,P4933665994
31,32,30,16,32,1975,Male,pilot1_6,45,P4976977701
15,34,23,25,35,1983,Female,pilot1_6,37,P9050084205
32,32,34,30,38,1968,Female,pilot1_6,52,P8311009421
27,28,45,11,27,1984,Male,pilot1_6,36,P7545459464
25,27,38,35,45,1982,Female,pilot1_6,38,P5560802942
15,36,39,24,33,1978,Male,pilot1_6,42,P3858912043
22,41,45,8,47,1968,Male,pilot1_6,52,P2873104560
9,39,23,10,28,1986,Male,pilot1_6,34,P9462998158
15,38,40,15,37,1984,Male,pilot1_6,36,P6977775848
26,24,24,21,28,1987,Male,pilot1_6,33,P6926746137
17,27,28,26,24,1978,Female,pilot1_6,42,P1923901662
27,26,29,31,29,1988,Male,pilot1_6,32,P1962407365
15,33,35,28,32,1987,Female,pilot1_7,33,P9978638888
11,23,44,30,11,1969,Female,pilot1_7,51,P3897047121
26,34,37,18,38,1993,Male,pilot1_7,27,P5526139685
23,45,45,8,33,1965,Female,pilot1_7,55,P8331745905
20,31,35,19,50,1976,Male,pilot1_7,44,P2724547440
29,27,27,25,28,1995,Male,pilot1_7,25,P7505502417
23,29,30,27,31,1992,Male,pilot1_7,28,P5728664799
25,27,28,28,36,1991,Male,pilot1_7,29,P7486659182
28,27,28,20,29,1991,Male,pilot1_7,29,P8655580626
8,23,45,24,37,1985,Female,pilot1_7,35,P3494866735
23,31,34,19,37,1972,Male,pilot1_7,48,P8322155263
13,29,25,23,42,1978,Male,pilot1_7,42,P6244742303
22,32,36,26,36,1990,Male,pilot1_7,30,P1106360404
28,35,39,12,37,1979,Male,pilot1_7,41,P3055297518
20,39,44,27,41,1960,Female,pilot1_7,60,P1608945545
14,23,32,27,30,1986,Female,pilot1_7,34,P2381602347
38,14,32,8,42,1981,Male,pilot1_7,39,P3309378813
33,32,44,10,50,1985,Male,pilot1_7,35,P3644605495
39,32,43,8,42,1988,Male,pilot1_7,32,P8071076328
14,30,26,31,44,1978,Male,pilot1_7,42,P9961883249
15,33,39,16,32,1956,Male,pilot1_7,64,P3877716088
17,23,30,31,39,1982,Male,pilot1_7,38,P1602000179
13,43,40,25,35,1980,Female,pilot1_7,40,P8131904074
17,38,32,33,46,1981,Female,pilot1_7,39,P3032459887
15,18,44,33,38,1984,Male,pilot1_7,36,P4962454865
20,39,34,15,41,1984,Male,pilot1_7,36,P7897603837
25,38,31,33,35,1987,Female,pilot1_7,33,P8663104967
28,23,27,26,33,1992,Male,pilot1_7,28,P8026006912
33,42,37,13,43,1971,Female,pilot1_7,49,P8751996972
25,42,45,9,47,1975,Male,pilot1_7,45,P9143048832
21,30,37,18,33,1977,Male,pilot1_7,43,P5154326065
20,36,38,23,40,1982,Male,pilot1_7,38,P1109855289
28,30,31,22,35,1995,Male,pilot1_7,25,P6756941166
33,42,44,9,47,1990,Female,pilot1_7,30,P5330264047
23,39,26,31,45,1970,Male,pilot1_7,50,P4072344205
12,30,32,33,22,1987,Male,pilot1_7,33,P9919480328
30,37,38,8,43,1982,Male,pilot1_7,38,P7165611622
16,39,45,19,41,1985,Female,pilot1_7,35,P2801356812
31,40,41,8,45,1979,Male,pilot1_7,41,P4395524840
33,36,37,23,40,1981,Male,pilot1_7,39,P1193206819
17,34,40,15,47,1984,Female,pilot1_7,36,P8847466663
20,31,32,36,46,1987,Female,pilot1_7,33,P3891205651
22,30,32,26,29,1986,Male,pilot1_7,34,P2265994208
12,33,41,35,41,1984,Male,pilot1_7,36,P4842699281
18,33,32,21,48,1981,Female,pilot1_7,39,P2730193515
17,43,38,24,35,1984,Female,pilot1_7,36,P9199851593
24,35,28,30,45,1974,Male,pilot1_7,46,P1290333832
30,45,45,13,47,1972,Male,pilot1_7,48,P1815699940
11,38,36,12,22,1974,Female,pilot1_7,46,P9616907932
9,40,37,28,39,1996,Female,pilot1_7,24,P2740784870
14,13,25,40,39,1981,Male,pilot1_7,39,P3798789025
30,33,34,19,38,1981,Male,pilot1_7,39,P9815114296
39,34,38,9,45,1985,Male,pilot1_7,35,P7026451608
31,41,40,16,40,1980,Male,pilot1_7,40,P1543874755
24,27,27,24,30,1995,Male,pilot1_7,25,P2833480565
22,29,29,28,31,1994,Female,pilot1_7,26,P2601179606
25,41,37,11,35,1994,Male,pilot1_8,26,P3456104965
20,39,33,15,41,1978,Female,pilot1_8,42,P8076233664
15,25,36,22,12,1980,Male,pilot1_8,40,P5992438783
25,35,36,16,38,1974,Female,pilot1_8,46,P2507338922
33,32,39,21,32,1962,Female,pilot1_8,58,P5393892397
8,45,41,14,38,1982,Female,pilot1_8,38,P4028713442
37,45,45,8,47,1959,Male,pilot1_8,61,P5198144653
24,36,39,18,40,1964,Female,pilot1_8,56,P8034459626
10,14,25,30,44,1978,Female,pilot1_8,42,P7194979619
18,21,28,37,49,1991,Female,pilot1_8,29,P2994696685
40,42,45,17,34,1965,Female,pilot1_8,55,P7111691257
27,30,29,25,36,1987,Male,pilot1_8,33,P6237134837
26,27,28,25,35,1989,Male,pilot1_8,31,P5090769881
23,41,41,18,41,1994,Male,pilot1_8,26,P8822253848
20,40,41,11,23,1978,Male,pilot1_8,42,P5414821766
27,31,30,27,34,1987,Male,pilot1_8,33,P4607752704
26,24,28,27,35,1988,Male,pilot1_8,32,P7647970032
26,26,31,28,38,1988,Male,pilot1_8,32,P7738457820
14,27,24,33,25,1989,Male,pilot1_8,31,P8242927842
27,29,29,30,40,1988,Male,pilot1_8,32,P6356372635
28,28,27,26,40,1991,Male,pilot1_8,29,P8353525588
40,42,44,8,44,1975,Male,pilot1_8,45,P3849264873
25,27,28,28,40,1989,Male,pilot1_8,31,P3296482330
26,29,28,23,29,1995,Male,pilot1_8,25,P7274397130
27,31,28,28,38,1989,Male,pilot1_8,31,P8536818198
26,27,27,24,40,1984,Male,pilot1_8,36,P2803115176
27,29,24,29,35,1989,Male,pilot1_8,31,P4856220161
27,30,29,28,38,1989,Male,pilot1_8,31,P9413152403
29,13,45,8,41,1983,Male,pilot1_8,37,P5798201963
27,28,26,25,40,1984,Male,pilot1_8,36,P7863354874
26,28,31,26,39,1986,Male,pilot1_8,34,P2952579555
29,32,28,29,39,1990,Male,pilot1_8,30,P6972420590
22,35,35,17,38,1978,Female,pilot1_8,42,P2498078760
26,27,30,24,32,1991,Male,pilot1_8,29,P1630954657
12,40,45,17,48,1982,Male,pilot1_8,38,P3788474824
38,45,45,10,48,1985,Female,pilot1_8,35,P7049469039
33,39,42,22,43,1972,Male,pilot1_8,48,P4470620927
26,23,29,26,30,1990,Male,pilot1_8,30,P7043017392
19,34,34,24,46,1965,Male,pilot1_8,55,P9210732116
32,39,45,18,38,1963,Female,pilot1_8,57,P7034093848
32,35,31,22,28,1978,Female,pilot1_8,42,P9144475250
30,30,27,27,37,1988,Male,pilot1_8,32,P8173904263
25,29,30,26,39,1984,Male,pilot1_8,36,P3866508134
26,29,28,24,36,1987,Male,pilot1_8,33,P1172974475
33,31,44,15,37,1957,Male,pilot1_8,63,P2953038959
24,42,38,20,44,1970,Female,pilot1_8,50,P1490949077
20,35,36,32,36,1988,Female,pilot1_8,32,P6851681595
25,38,39,12,44,1981,Male,pilot1_8,39,P7893477535
25,33,35,16,38,1972,Female,pilot1_8,48,P8443868097
12,17,45,8,48,1993,Female,pilot1_8,27,P9935459554
19,35,35,26,36,1974,Female,pilot1_8,46,P7870965019
15,42,37,14,37,1986,Male,pilot1_8,34,P4947557720
21,38,42,16,42,1984,Male,pilot1_8,36,P9995589881
29,39,40,15,39,1950,Female,pilot1_8,70,P5374167247
27,40,40,13,40,1957,Male,pilot1_8,63,P5425444612
20,37,37,13,41,1989,Male,pilot1_8,31,P3119418453
31,41,37,14,34,1987,Male,pilot1_8,33,P1220119297
35,45,44,12,49,1977,Male,pilot1_8,43,P6711541556
26,31,28,27,35,1989,Male,pilot1_8,31,P5168641457
30,32,37,22,43,1960,Female,pilot2_1,60,P9053491903
24,32,27,34,41,1991,Male,pilot2_1,29,P3470006607
23,30,28,24,34,1983,Male,pilot2_1,37,P7924638856
25,40,42,10,40,1987,Male,pilot2_1,33,P6007671102
12,38,38,23,36,1979,Male,pilot2_1,41,P8860628132
21,41,43,11,40,1987,Female,pilot2_1,33,P8413981789
18,31,30,32,37,1974,Female,pilot2_1,46,P2199962511
31,36,36,16,40,1967,Male,pilot2_1,53,P3163348960
17,32,35,20,29,1985,Male,pilot2_1,35,P7756754413
14,42,31,28,34,1982,Female,pilot2_1,38,P6333237927
22,20,38,27,27,1968,Male,pilot2_1,52,P8926049845
20,42,42,14,25,1964,Female,pilot2_1,56,P1966204183
14,33,31,15,34,1970,Male,pilot2_1,50,P7811678562
23,39,37,12,48,1983,Male,pilot2_1,37,P6317791877
16,32,38,25,42,1972,Male,pilot2_1,48,P9000789670
13,29,24,32,32,1979,Male,pilot2_1,41,P3523041899
24,31,40,16,33,1987,Male,pilot2_1,33,P1694194649
37,30,38,17,48,1977,Male,pilot2_1,43,P4972643578
18,40,37,11,32,1983,Male,pilot2_1,37,P8919729209
24,28,30,23,33,1984,Male,pilot2_1,36,P3642273859
21,31,24,24,30,1993,Male,pilot2_1,27,P4022511087
38,37,44,13,49,1948,Female,pilot2_1,72,P9596160220
32,45,45,10,49,1958,Female,pilot2_1,62,P5655405033
29,29,35,25,42,1988,Male,pilot2_1,32,P6089045906
32,40,45,8,40,1959,Female,pilot2_1,61,P4594125849
21,37,44,8,31,1990,Male,pilot2_1,30,P5339640058
13,34,35,16,34,1976,Female,pilot2_1,44,P4768744373
20,25,27,26,31,1980,Male,pilot2_1,40,P2309327143
25,31,24,21,30,1990,Male,pilot2_1,30,P7747516261
19,31,27,23,35,1984,Male,pilot2_1,36,P7324768224
14,35,28,31,37,1983,Male,pilot2_1,37,P1522704628
12,40,30,32,45,1988,Female,pilot2_1,32,P9410948803
26,41,41,11,38,1989,Male,pilot2_1,31,P1755263432
31,45,45,8,50,1991,Male,pilot2_1,29,P5565038073
21,42,37,29,31,1984,Male,pilot2_1,36,P8726131973
20,39,42,11,39,1979,Male,pilot2_1,41,P9706833952
32,42,45,8,49,1972,Male,pilot2_1,48,P1895063242
24,28,23,26,33,1979,Male,pilot2_1,41,P1539693331
26,33,30,18,38,1987,Female,pilot2_1,33,P7815475872
31,38,43,19,32,1968,Female,pilot2_1,52,P9758032617
13,23,41,18,37,1980,Male,pilot2_1,40,P6745325756
10,21,33,16,17,1982,Male,pilot2_1,38,P4365216757
29,42,45,11,41,1962,Male,pilot2_1,58,P7951970923
32,37,34,17,36,1993,Male,pilot2_1,27,P8022590544
14,27,33,32,40,1984,Female,pilot2_1,36,P3770437734
33,38,38,14,38,1978,Male,pilot2_1,42,P4649919549
28,38,30,11,36,1988,Male,pilot2_1,32,P4960119794
20,35,29,20,33,1983,Male,pilot2_1,37,P5418738722
24,42,29,24,47,1993,Female,pilot2_1,27,P5805976965
10,34,33,23,29,1993,Female,pilot2_1,27,P5739997481
13,34,26,20,40,1991,Male,pilot2_1,29,P4328709314
28,45,45,8,33,1957,Female,pilot2_1,63,P3637659864
14,26,26,27,36,1976,Male,pilot2_1,44,P2509020906
30,40,44,25,44,1966,Male,pilot2_1,54,P9405830909
12,29,41,19,33,1985,Male,pilot2_1,35,P6136795445
26,33,40,13,40,1963,Female,pilot2_2,57,P5369993942
40,45,37,8,42,1986,Male,pilot2_2,34,P3743649801
20,32,31,25,46,1988,Female,pilot2_2,32,P4089721889
35,45,42,9,41,1975,Female,pilot2_2,45,P4235080111
13,36,42,17,45,1972,Female,pilot2_2,48,P8464598692
17,31,43,22,44,1995,Male,pilot2_2,25,P9509198753
21,44,34,34,24,1960,Female,pilot2_2,60,P8201904846
12,33,43,25,44,1985,Male,pilot2_2,35,P6561666887
24,27,31,26,37,1980,Male,pilot2_2,40,P3685923611
17,34,42,11,34,1947,Male,pilot2_2,73,P1493355337
37,45,44,10,44,1960,Male,pilot2_2,60,P4525573632
36,45,40,8,24,1981,Male,pilot2_2,39,P4855740408
23,26,37,17,36,1976,Male,pilot2_2,44,P3301049334
26,26,27,26,33,1990,Male,pilot2_2,30,P4993878014
12,21,42,27,47,1991,Female,pilot2_2,29,P2877142474
12,41,39,21,28,1987,Female,pilot2_2,33,P3820838963
28,28,28,26,36,1988,Male,pilot2_2,32,P6730203526
20,43,29,21,39,1969,Male,pilot2_2,51,P9269974993
21,28,23,28,38,1990,Male,pilot2_2,30,P5106002639
25,33,30,26,33,1985,Female,pilot2_2,35,P1184528955
36,37,45,8,34,1976,Female,pilot2_2,44,P2623329491
27,38,41,17,40,1984,Male,pilot2_2,36,P4885257658
30,40,37,21,39,1995,Male,pilot2_2,25,P9959761394
28,28,27,23,34,1990,Male,pilot2_2,30,P1761504794
18,32,40,25,35,1992,Female,pilot2_2,28,P4048069263
26,39,35,13,40,1987,Male,pilot2_2,33,P2347249337
22,26,27,24,34,1992,Female,pilot2_2,28,P3158619559
24,33,42,12,26,1984,Male,pilot2_2,36,P7039096981
25,25,30,27,38,1988,Male,pilot2_2,32,P5753164741
28,41,32,12,45,1953,Male,pilot2_2,67,P1996728607
11,35,17,23,43,1982,Male,pilot2_2,38,P2479089138
26,33,36,20,36,1992,Male,pilot2_2,28,P2690793884
17,38,36,20,34,1993,Male,pilot2_2,27,P3419240808
14,32,35,22,37,1995,Male,pilot2_2,25,P6407677010
29,36,35,26,32,1986,Female,pilot2_2,34,P3382364328
26,29,29,25,37,1977,Male,pilot2_2,43,P6745825269
18,28,39,23,39,1991,Male,pilot2_2,29,P1973505624
20,44,41,18,46,1989,Male,pilot2_2,31,P1600534403
9,38,41,29,18,1982,Female,pilot2_2,38,P5122371527
29,27,27,27,39,1988,Male,pilot2_2,32,P6031754248
29,28,26,26,36,1989,Male,pilot2_2,31,P7125672453
27,24,27,29,37,1991,Female,pilot2_2,29,P1031772061
10,30,38,18,45,1988,Male,pilot2_2,32,P2813009742
24,29,32,29,38,1989,Female,pilot2_2,31,P3960244269
27,24,21,23,36,1977,Male,pilot2_2,43,P4581868805
21,32,43,12,38,1979,Male,pilot2_2,41,P6110450034
26,28,31,31,39,1989,Male,pilot2_2,31,P1007767109
31,44,45,12,37,1966,Female,pilot2_2,54,P1664161759
17,41,45,22,49,1984,Female,pilot2_2,36,P8787799811
9,23,34,23,26,1994,Male,pilot2_2,26,P7083097401
34,39,41,10,38,1989,Male,pilot2_2,31,P8912558298
27,29,28,25,38,1982,Male,pilot2_2,38,P8586999804
33,45,44,12,38,1984,Male,pilot2_2,36,P9527218994
24,34,36,23,27,1973,Female,pilot2_2,47,P8754384617
15,30,43,21,40,1974,Female,pilot2_2,46,P7771227715
27,28,29,24,37,1988,Male,pilot2_2,32,P7558921668
8,34,35,25,31,1980,Female,pilot2_2,40,P9899237023
22,39,42,12,31,1949,Male,pilot2_2,71,P5328795827
20,35,31,36,36,1983,Female,pilot2_2,37,P9278438857
29,39,41,12,39,1964,Female,pilot2_2,56,P8039281838
24,25,31,26,30,1980,Female,pilot2_2,40,P6233589736
20,33,40,34,48,1975,Female,study01,45,P4499305916
31,44,43,10,43,1991,Male,study01,29,P4155053201
13,31,21,35,37,1962,Male,study01,58,P5225207817
33,19,25,15,38,1990,Male,study01,30,P2861241016
14,38,33,21,47,1974,Male,study01,46,P4818474577
23,44,45,13,42,1993,Female,study01,27,P7475133656
15,33,44,12,14,1991,Male,study01,29,P5597074612
12,31,26,30,31,1979,Male,study01,41,P8791518942
13,32,43,34,21,1984,Female,study01,36,P3213679578
10,22,21,35,35,1973,Male,study01,47,P8460037552
25,29,32,19,37,1984,Male,study01,36,P3917637521
24,22,27,26,31,1976,Male,study01,44,P5477831922
26,26,27,21,25,1993,Male,study01,27,P3413732028
12,36,24,28,34,1993,Female,study01,27,P9150508021
16,44,44,8,34,1990,Female,study01,30,P2299492006
21,43,30,9,48,1985,Female,study01,35,P5283110816
31,26,34,14,46,1983,Male,study01,37,P8416898557
32,36,32,16,34,1995,Male,study01,25,P4399506672
11,35,35,21,30,1988,Male,study01,32,P5015668348
8,32,36,22,42,1992,Female,study01,28,P4540801495
24,35,39,14,42,1981,Male,study01,39,P2124360494
14,29,28,31,39,1994,Male,study01,26,P9699645022
21,35,43,25,48,1986,Male,study01,34,P1219459545
17,40,40,25,40,1987,Female,study01,33,P8658058601
27,41,42,31,37,1985,Female,study01,35,P3774160460
20,40,39,20,37,1963,Male,study01,57,P7302688185
28,23,31,30,41,1979,Female,study01,41,P6086337690
22,41,34,25,40,1984,Male,study01,36,P1204704295
20,28,27,27,39,1968,Male,study01,52,P6872983527
40,42,41,14,36,1964,Female,study01,56,P7203759120
8,44,36,31,21,1992,Male,study01,28,P9076275665
24,22,24,34,44,1981,Female,study01,39,P9794171378
18,43,44,18,44,1985,Female,study01,35,P2378352168
17,33,20,40,44,1991,Female,study01,29,P1971265051
32,40,40,17,39,1988,Male,study01,32,P8221980639
14,33,33,28,38,1975,Female,study01,45,P5873382271
23,41,40,14,35,1973,Male,study01,47,P2273932896
37,40,38,8,35,1955,Female,study01,65,P4390162547
21,23,40,13,32,1989,Male,study01,31,P4575050780
35,42,42,10,50,1959,Female,study01,61,P3496513965
21,36,39,19,32,1986,Male,study01,34,P1091281508
33,43,44,13,44,1962,Male,study01,58,P2572445547
16,29,44,27,39,1976,Female,study01,44,P7340212828
25,34,35,19,44,1968,Male,study01,52,P7827780500
32,41,40,10,38,1979,Male,study01,41,P1031333307
18,32,32,31,30,1987,Male,study01,33,P1882285050
23,44,45,27,46,1981,Female,study01,39,P1130923987
10,27,36,26,31,1994,Male,study01,26,P5417756571
32,34,34,16,38,1974,Female,study01,46,P2096424430
26,35,34,14,37,1993,Female,study01,27,P9667654795
17,45,26,32,37,1990,Male,study01,30,P3516821497
28,42,36,23,43,1976,Female,study01,44,P9287887059
28,30,31,24,35,1983,Male,study01,37,P9155754647
31,39,36,15,43,1975,Male,study01,45,P5751607642
25,27,28,26,30,1989,Male,study01,31,P3823474748
18,32,36,20,36,1954,Female,study01,66,P2767741440
22,30,41,38,48,1984,Female,study01,36,P2015529070
21,44,40,9,43,1983,Male,study01,37,P4806170944
30,19,19,30,36,1988,Female,study01,32,P8372131420
13,33,38,25,45,1984,Male,study01,36,P9731459538
37,39,43,12,40,1988,Male,study01,32,P2188059696
24,34,40,14,34,1969,Male,study01,51,P2042389950
31,28,23,34,38,1976,Male,study01,44,P3869204962
26,28,37,19,45,1985,Male,study01,35,P1002389543
9,20,23,33,39,1978,Male,study01,42,P5104426846
21,30,29,16,35,1980,Male,study01,40,P3504019979
14,41,40,33,30,1990,Female,study01,30,P3771481502
32,44,45,10,38,1984,Female,study01,36,P6504042282
40,45,45,8,46,1985,Male,study01,35,P3969515884
23,32,34,33,40,1978,Female,study01,42,P5748230075
26,31,38,22,45,1983,Male,study01,37,P1802407241
25,30,30,22,35,1997,Other,study01,23,P6211933072
14,37,25,8,29,1986,Male,study01,34,P2218523377
15,34,41,22,23,1964,Male,study01,56,P1362974305
28,45,45,8,44,1988,Male,study01,32,P7723110753
30,36,32,21,43,1985,Male,study01,35,P8100786843
11,27,34,39,36,1993,Female,study01,27,P9422459018
31,36,36,13,42,1978,Male,study01,42,P3823995709
21,36,45,9,38,1979,Male,study01,41,P6817513515
26,38,39,16,34,1981,Female,study01,39,P7974004865
20,30,29,39,35,1979,Male,study01,41,P3301270879
29,38,44,10,38,1973,Male,study01,47,P1568044556
24,37,42,14,38,1988,Male,study01,32,P2982036017
27,29,31,28,41,1992,Male,study01,28,P3607353214
25,39,43,17,34,1956,Female,study01,64,P3060765844
18,33,37,27,27,1963,Female,study01,57,P5945232808
20,30,39,13,38,1961,Female,study01,59,P6111828910
11,26,34,32,31,1984,Female,study01,36,P3800508300
22,30,28,21,28,1987,Male,study01,33,P1862507419
13,37,39,22,31,1976,Female,study01,44,P6746372040
8,22,33,31,23,1986,Male,study01,34,P6620121380
40,41,45,8,42,1980,Female,study01,40,P1591109488
22,37,45,8,50,1955,Female,study01,65,P7824843778
14,22,20,29,17,1992,Female,study01,28,P9596780707
30,26,41,30,32,1982,Female,study01,38,P1194774401
25,31,31,22,33,1997,Female,study01,23,P1494453130
33,38,23,26,31,1975,Female,study01,45,P2261672638
10,31,34,26,30,1989,Female,study01,31,P8685046233
25,34,33,17,37,1974,Male,study01,46,P4260456056
20,39,31,13,33,1957,Female,study01,63,P1886121274
10,41,40,10,17,1972,Female,study01,48,P4604648280
26,34,38,16,37,1982,Female,study01,38,P1139436185
23,42,43,21,41,1980,Male,study01,40,P5777047949
36,44,45,9,41,1984,Male,study01,36,P5775108365
29,44,45,12,47,1958,Male,study01,62,P7844464317
34,44,45,20,21,1969,Female,study01,51,P5071877027
38,34,36,23,40,1988,Female,study01,32,P4194433263
26,42,40,23,42,1979,Female,study01,41,P1742719987
18,36,44,18,34,1979,Female,study01,41,P4946821356
29,33,34,24,36,1987,Female,study01,33,P4557476196
20,26,38,26,40,1968,Female,study01,52,P8361564376
14,39,36,17,42,1994,Female,study01,26,P2150307119
27,34,32,20,41,1975,Female,study01,45,P4464746233
33,38,37,14,41,1987,Male,study01,33,P2296921500
23,41,38,17,37,1985,Male,study01,35,P1371149929
22,34,20,30,49,1996,Female,study01,24,P9616313007
28,34,29,13,33,1993,Male,study01,27,P9520194279
31,23,40,10,40,1977,Male,study01,43,P3008220246
28,35,45,12,46,1993,Male,study01,27,P3518005850
18,33,26,28,24,1989,Male,study01,31,P5164556070
19,34,24,27,39,1979,Female,study01,41,P1308708629
29,33,44,15,36,1983,Female,study01,37,P4715205533
12,41,35,16,34,1985,Male,study01,35,P1833082629
36,42,43,12,42,1996,Male,study02,24,P8920597303
25,36,36,16,34,1994,Male,study02,26,P8953997818
23,35,30,38,25,1988,Female,study02,32,P5264606417
26,34,36,16,40,1964,Female,study02,56,P3675186984
20,36,36,19,35,1977,Male,study02,43,P9044466057
22,31,31,20,28,1993,Male,study02,27,P2617483346
29,39,39,35,42,1995,Female,study02,25,P1964569480
22,39,24,38,21,1988,Female,study02,32,P8974404964
26,28,45,29,50,1970,Male,study02,50,P2901450754
14,36,38,16,37,1957,Female,study02,63,P7383439979
13,23,43,20,47,1991,Female,study02,29,P4491160297
12,30,31,15,27,1979,Female,study02,41,P2972422773
17,40,39,20,45,1955,Male,study02,65,P7139847182
14,36,36,16,38,1969,Male,study02,51,P4757844938
38,45,45,8,41,1954,Male,study02,66,P7026440608
13,38,33,18,26,1988,Male,study02,32,P5806264030
34,43,38,14,44,1985,Female,study02,35,P6532578908
26,27,41,10,32,1993,Male,study02,27,P9093050457
11,32,34,16,28,1987,Male,study02,33,P5237576479
13,40,28,13,37,1979,Male,study02,41,P3965197672
23,34,31,17,33,1982,Female,study02,38,P4732946016
12,29,30,33,32,1984,Male,study02,36,P4229950838
14,29,34,33,38,1986,Female,study02,34,P4006654562
11,43,45,24,39,1980,Female,study02,40,P4138776923
18,30,37,21,37,1991,Male,study02,29,P3752232399
33,45,45,8,48,1992,Male,study02,28,P1888965532
12,28,38,27,44,1990,Male,study02,30,P1783445461
21,28,34,29,43,1983,Female,study02,37,P9950810201
26,28,27,22,27,1987,Male,study02,33,P4656066311
31,38,44,19,29,1964,Female,study02,56,P5736518919
15,36,35,27,29,1989,Female,study02,31,P2235319986
24,39,44,11,40,1991,Male,study02,29,P9607419543
30,39,43,17,46,1980,Male,study02,40,P2144129286
27,31,42,24,29,1977,Female,study02,43,P4522073570
36,43,43,14,44,1986,Female,study02,34,P7402957926
20,45,45,8,49,1984,Male,study02,36,P5080586122
14,38,32,29,33,1982,Female,study02,38,P5460413597
10,40,41,15,38,1994,Female,study02,26,P3277717357
22,43,45,8,44,1991,Male,study02,29,P8817563582
22,21,29,31,29,1964,Female,study02,56,P5718330721
13,24,38,34,26,1995,Female,study02,25,P6040842674
25,33,40,21,37,1987,Male,study02,33,P1802521272
30,40,45,8,35,1984,Female,study02,36,P4363412170
18,20,25,27,49,1969,Male,study02,51,P7907691390
29,24,26,26,30,1991,Male,study02,29,P6998998106
18,36,40,12,40,1963,Male,study02,57,P3699890322
22,33,40,25,29,1963,Female,study02,57,P9878898118
22,32,33,15,36,1966,Male,study02,54,P2072880107
14,21,45,17,34,1988,Female,study02,32,P9400334952
29,23,33,25,24,1988,Female,study02,32,P8316711835
17,41,37,25,40,1984,Female,study02,36,P3557333149
28,33,36,14,33,1992,Male,study02,28,P6115701358
31,25,32,20,28,1982,Male,study02,38,P1263823397
16,33,31,26,30,1974,Female,study02,46,P7381697243
10,36,31,35,24,1988,Male,study02,32,P3597939763
22,35,36,20,40,1992,Female,study02,28,P4027033226
16,39,40,18,37,1985,Male,study02,35,P2788888904
30,44,44,10,32,1994,Female,study02,26,P2382358442
24,29,27,25,30,1992,Female,study02,28,P2056595687
31,40,44,20,46,1966,Male,study02,54,P8777439546
20,39,38,13,38,1976,Male,study02,44,P6764695285
30,32,31,16,38,1961,Male,study02,59,P8213448617
23,36,37,18,39,1981,Female,study02,39,P4373663278
20,30,29,20,36,1992,Male,study02,28,P9605499231
17,32,23,22,30,1986,Male,study02,34,P4644146538
40,33,23,31,37,1975,Female,study02,45,P4951646367
9,37,24,30,48,1990,Male,study02,30,P7125603156
38,33,45,14,39,1980,Male,study02,40,P7926248577
37,41,44,10,44,1995,Male,study02,25,P6502297945
29,34,45,25,22,1987,Female,study02,33,P5110807116
15,20,25,30,39,1992,Male,study02,28,P2092133261
30,39,39,12,42,1995,Female,study02,25,P8066578279
13,39,45,19,44,1982,Male,study02,38,P1928338624
20,34,30,24,36,1970,Female,study02,50,P6815329010
9,23,26,38,32,1967,Female,study02,53,P2455897114
20,36,35,22,36,1967,Male,study02,53,P5771930558
11,17,44,16,36,1981,Male,study02,39,P2285053465
26,40,45,12,29,1970,Female,study02,50,P4533490639
39,45,42,16,34,1965,Female,study02,55,P6395780660
26,35,24,34,28,1976,Female,study02,44,P6428520499
17,40,45,10,33,1983,Male,study02,37,P7726595587
19,37,35,20,26,1974,Female,study02,46,P7680760323
18,29,34,30,36,1976,Male,study02,44,P2662728807
29,35,35,18,38,1979,Male,study02,41,P2696911370
22,35,41,11,37,1979,Male,study02,41,P3243224274
16,24,35,20,41,1964,Male,study02,56,P5752329890
24,45,41,8,46,1992,Male,study02,28,P6985685023
29,36,38,19,46,1982,Male,study02,38,P9936784489
21,29,30,14,38,1984,Male,study02,36,P7069834263
22,29,36,21,33,1986,Female,study02,34,P8790095810
26,40,44,14,48,1973,Female,study02,47,P9674667616
23,40,41,18,39,1991,Male,study02,29,P7582956875
12,22,44,14,16,1991,Female,study02,29,P8005072246
15,22,32,22,34,1957,Female,study02,63,P4558167491
21,25,27,28,32,1998,Male,study02,22,P1038370093
38,45,45,12,48,1957,Female,study02,63,P5407551731
24,29,31,21,28,1994,Male,study02,26,P5170162197
22,36,30,37,15,1984,Female,study02,36,P8119664685
24,32,42,13,44,1976,Female,study02,44,P8637011544
31,37,37,13,43,1963,Female,study02,57,P8149138784
18,23,24,27,36,1989,Female,study02,31,P6907736320
16,36,37,18,32,1990,Male,study02,30,P2162113596
17,26,15,23,30,1980,Male,study02,40,P2137313722
29,41,42,16,42,1976,Male,study02,44,P9015472164
28,40,43,14,35,1989,Female,study02,31,P1029554841
9,31,38,33,20,1976,Male,study02,44,P1094282262
10,36,31,22,39,1973,Male,study02,47,P6085219628
13,33,24,31,33,1983,Female,study02,37,P8665458001
29,39,36,14,45,1983,Male,study02,37,P3448418450
15,42,33,21,35,1957,Female,study02,63,P8283316396
24,24,33,30,47,1968,Female,study02,52,P9109801535
21,39,39,11,38,1981,Male,study02,39,P3519808504
33,35,39,18,44,1985,Male,study02,35,P1093745363
32,42,45,13,45,1988,Female,study02,32,P1439407922
19,32,31,31,39,1984,Female,study02,36,P5803578846
13,22,39,19,44,1985,Other,study02,35,P2331730322
14,36,37,15,47,1978,Female,study02,42,P2179601555
23,44,44,14,33,1991,Male,study02,29,P9518597239
24,39,28,18,42,1987,Female,study02,33,P5143132100
18,30,37,21,41,1977,Female,study02,43,P7068832701
19,42,45,12,38,1989,Male,study02,31,P1302411878 
